Onions,Mushrooms,Pepperoni,Sausage,Extra Cheese,Green Pepper,Tomato,Bacon,Corn,Pineapple
"Onions,Extra Cheese",,,,,,,,,
"Mushrooms,Bacon,Tomato,Corn,Pineapple,Green Pepper,Pepperoni,Extra Cheese",,,,,,,,,
,,,,,,,,,
,,,,,,,,,
"Bacon,Sausage,Onions,Corn,Tomato,Mushrooms",,,,,,,,,
"Corn,Extra Cheese,Pepperoni",,,,,,,,,
"Sausage,Green Pepper",,,,,,,,,
"Pineapple,Onions,Bacon,Corn,Green Pepper,Extra Cheese,Pepperoni,Mushrooms,Sausage,Sausage",,,,,,,,,
"Pineapple,Pepperoni,Sausage,Green Pepper,Bacon,Onions,Extra Cheese,Corn,Mushrooms",,,,,,,,,
"Corn,Mushrooms,Pepperoni,Tomato,Green Pepper,Pineapple,Extra Cheese,Onions,Bacon,Sausage",,,,,,,,,
"Tomato,Pineapple,Mushrooms,Green Pepper,Sausage,Onions,Extra Cheese",,,,,,,,,
,,,,,,,,,
"Bacon,Extra Cheese,Corn,Mushrooms,Tomato,Green Pepper",,,,,,,,,
"Pepperoni,Green Pepper,Tomato",,,,,,,,,
"Sausage,Pineapple,Corn,Tomato,Bacon",,,,,,,,,
"Green Pepper,Corn",,,,,,,,,
"Bacon,Pineapple,Green Pepper,Corn,Sausage,Tomato,Mushrooms,Extra Cheese",,,,,,,,,
"Extra Cheese,Bacon,Pineapple",,,,,,,,,
"Corn,Bacon,Mushrooms,Green Pepper,Sausage,Extra Cheese,Tomato,Onions",,,,,,,,,
"Pepperoni,Green Pepper,Mushrooms,Onions,Corn,Bacon,Sausage,Extra Cheese,Tomato",,,,,,,,,
"Mushrooms,Sausage,Pineapple,Tomato,Corn,Pepperoni,Extra Cheese,Onions,Bacon",,,,,,,,,
"Corn,Green Pepper,Tomato,Mushrooms,Bacon,Sausage,Pineapple,Pepperoni",,,,,,,,,
"Green Pepper,Sausage,Tomato,Mushrooms,Onions,Bacon,Corn",,,,,,,,,
"Green Pepper,Bacon,Corn,Sausage,Tomato,Pineapple,Onions",,,,,,,,,
,,,,,,,,,
Pineapple,,,,,,,,,
,,,,,,,,,
"Pepperoni,Bacon,Mushrooms,Green Pepper,Onions,Pineapple,Extra Cheese",,,,,,,,,
"Mushrooms,Pepperoni,Tomato,Sausage",,,,,,,,,
"Bacon,Green Pepper,Onions,Pineapple,Pepperoni,Extra Cheese",,,,,,,,,
"Onions,Bacon,Mushrooms,Tomato,Sausage,Extra Cheese,Pineapple",,,,,,,,,
"Extra Cheese,Sausage",,,,,,,,,
"Tomato,Extra Cheese",,,,,,,,,
"Extra Cheese,Sausage,Onions,Green Pepper,Mushrooms,Corn,Tomato",,,,,,,,,
"Tomato,Mushrooms",,,,,,,,,
"Sausage,Corn,Tomato,Onions,Green Pepper,Bacon,Extra Cheese,Pepperoni,Pineapple",,,,,,,,,
"Bacon,Green Pepper,Pepperoni,Extra Cheese",,,,,,,,,
"Green Pepper,Mushrooms,Sausage,Extra Cheese,Pineapple,Corn,Onions,Bacon",,,,,,,,,
"Extra Cheese,Mushrooms,Green Pepper",,,,,,,,,
"Green Pepper,Onions",,,,,,,,,
"Bacon,Pepperoni,Onions,Mushrooms,Tomato,Sausage",,,,,,,,,
"Pineapple,Mushrooms,Corn,Pepperoni,Onions,Green Pepper",,,,,,,,,
"Extra Cheese,Onions,Corn,Bacon,Green Pepper,Pineapple,Mushrooms,Pepperoni,Tomato,Green Pepper",,,,,,,,,
"Extra Cheese,Tomato",,,,,,,,,
"Corn,Sausage,Bacon,Pepperoni,Pineapple,Extra Cheese,Mushrooms,Onions,Green Pepper",,,,,,,,,
"Extra Cheese,Pineapple,Onions,Tomato,Mushrooms",,,,,,,,,
,,,,,,,,,
"Sausage,Pepperoni,Green Pepper,Pineapple,Extra Cheese,Onions,Tomato",,,,,,,,,
,,,,,,,,,
Sausage,,,,,,,,,
Bacon,,,,,,,,,
"Mushrooms,Sausage",,,,,,,,,
"Onions,Corn,Mushrooms,Extra Cheese,Sausage,Tomato,Green Pepper",,,,,,,,,
,,,,,,,,,
"Pepperoni,Sausage,Onions,Extra Cheese,Corn,Green Pepper,Pineapple",,,,,,,,,
Corn,,,,,,,,,
"Mushrooms,Tomato,Green Pepper,Pineapple,Bacon,Onions,Corn,Sausage,Pepperoni,Extra Cheese",,,,,,,,,
"Green Pepper,Sausage,Extra Cheese,Pineapple,Bacon,Mushrooms,Onions",,,,,,,,,
"Mushrooms,Corn,Tomato",,,,,,,,,
,,,,,,,,,
Mushrooms,,,,,,,,,
"Mushrooms,Extra Cheese,Pepperoni,Onions,Sausage,Bacon",,,,,,,,,
"Green Pepper,Pineapple,Pepperoni,Onions,Tomato,Corn,Mushrooms,Sausage,Bacon",,,,,,,,,
"Tomato,Green Pepper,Extra Cheese,Pepperoni,Onions,Bacon,Mushrooms",,,,,,,,,
"Onions,Pineapple",,,,,,,,,
"Corn,Extra Cheese,Mushrooms,Pineapple,Sausage,Pepperoni,Bacon,Onions,Tomato,Pepperoni",,,,,,,,,
Green Pepper,,,,,,,,,
,,,,,,,,,
"Mushrooms,Bacon,Onions",,,,,,,,,
"Tomato,Extra Cheese,Pepperoni,Onions,Pineapple,Green Pepper,Mushrooms,Sausage",,,,,,,,,
,,,,,,,,,
"Pineapple,Onions",,,,,,,,,
"Corn,Tomato,Extra Cheese,Bacon",,,,,,,,,
"Green Pepper,Tomato,Pineapple,Onions,Mushrooms,Extra Cheese,Pepperoni",,,,,,,,,
"Green Pepper,Sausage,Tomato,Pineapple,Onions",,,,,,,,,
,,,,,,,,,
"Bacon,Corn,Green Pepper,Pepperoni,Pineapple",,,,,,,,,
Tomato,,,,,,,,,
"Pepperoni,Green Pepper,Pineapple,Extra Cheese,Sausage,Mushrooms,Onions,Tomato",,,,,,,,,
"Pepperoni,Green Pepper,Extra Cheese,Bacon,Onions,Corn,Mushrooms,Tomato,Sausage,Sausage",,,,,,,,,
"Pineapple,Green Pepper,Tomato,Pepperoni,Mushrooms",,,,,,,,,
"Onions,Tomato",,,,,,,,,
"Sausage,Corn,Mushrooms,Green Pepper,Tomato,Extra Cheese,Bacon,Onions,Pepperoni,Sausage",,,,,,,,,
"Sausage,Tomato",,,,,,,,,
"Extra Cheese,Green Pepper,Pineapple,Corn,Onions,Pepperoni,Mushrooms,Tomato,Sausage",,,,,,,,,
"Mushrooms,Corn,Pineapple,Green Pepper,Bacon,Sausage",,,,,,,,,
"Pineapple,Green Pepper,Tomato,Onions",,,,,,,,,
"Pineapple,Pepperoni,Onions,Sausage,Bacon,Extra Cheese",,,,,,,,,
"Pepperoni,Mushrooms,Corn,Tomato,Onions,Sausage,Pineapple,Green Pepper,Bacon,Tomato",,,,,,,,,
"Bacon,Mushrooms,Sausage,Extra Cheese,Onions,Tomato,Pepperoni",,,,,,,,,
"Pineapple,Corn,Pepperoni,Extra Cheese,Onions,Mushrooms,Tomato,Bacon,Sausage,Onions",,,,,,,,,
"Extra Cheese,Bacon,Onions,Corn,Green Pepper,Pepperoni,Pineapple,Tomato",,,,,,,,,
Bacon,,,,,,,,,
"Green Pepper,Sausage,Mushrooms,Pepperoni",,,,,,,,,
"Extra Cheese,Mushrooms,Corn,Sausage,Green Pepper,Tomato",,,,,,,,,
Pepperoni,,,,,,,,,
"Pepperoni,Bacon,Extra Cheese,Mushrooms",,,,,,,,,
Mushrooms,,,,,,,,,
Onions,,,,,,,,,
"Pepperoni,Sausage,Pineapple,Extra Cheese,Corn,Onions,Green Pepper,Bacon,Mushrooms,Onions",,,,,,,,,
"Pineapple,Corn,Mushrooms,Extra Cheese,Onions,Tomato,Pepperoni",,,,,,,,,
,,,,,,,,,
"Pineapple,Onions,Mushrooms,Green Pepper,Corn,Bacon,Pepperoni,Tomato,Extra Cheese,Onions",,,,,,,,,
"Sausage,Extra Cheese",,,,,,,,,
,,,,,,,,,
"Sausage,Corn,Green Pepper",,,,,,,,,
,,,,,,,,,
"Bacon,Corn,Green Pepper,Pepperoni,Sausage,Extra Cheese,Mushrooms,Pineapple,Onions",,,,,,,,,
"Sausage,Green Pepper,Pepperoni,Tomato,Mushrooms,Extra Cheese,Onions",,,,,,,,,
,,,,,,,,,
Tomato,,,,,,,,,
Pepperoni,,,,,,,,,
"Pepperoni,Pineapple,Mushrooms,Corn",,,,,,,,,
"Onions,Green Pepper,Bacon,Mushrooms",,,,,,,,,
,,,,,,,,,
"Extra Cheese,Pineapple,Sausage,Corn",,,,,,,,,
"Pineapple,Corn",,,,,,,,,
"Mushrooms,Extra Cheese,Corn,Onions,Bacon,Sausage,Green Pepper,Pepperoni,Tomato,Extra Cheese",,,,,,,,,
"Onions,Pineapple,Extra Cheese,Green Pepper,Corn",,,,,,,,,
"Pineapple,Onions,Extra Cheese,Bacon,Corn,Tomato",,,,,,,,,
"Onions,Bacon,Mushrooms,Pineapple",,,,,,,,,
"Bacon,Onions,Mushrooms,Pineapple,Green Pepper,Extra Cheese,Corn,Tomato,Pepperoni",,,,,,,,,
"Tomato,Mushrooms,Corn,Sausage,Extra Cheese,Green Pepper,Pineapple",,,,,,,,,
"Bacon,Extra Cheese,Tomato,Pepperoni",,,,,,,,,
"Tomato,Mushrooms,Green Pepper,Pepperoni,Bacon,Extra Cheese,Sausage,Onions,Corn,Sausage",,,,,,,,,
"Mushrooms,Extra Cheese,Green Pepper,Pineapple,Bacon,Corn,Tomato,Sausage",,,,,,,,,
"Tomato,Corn,Sausage,Pepperoni,Pineapple,Mushrooms",,,,,,,,,
"Tomato,Sausage,Onions,Corn,Pineapple,Extra Cheese,Pepperoni",,,,,,,,,
"Tomato,Extra Cheese,Sausage,Pineapple,Mushrooms,Bacon,Corn,Green Pepper,Onions",,,,,,,,,
"Mushrooms,Bacon,Extra Cheese,Pepperoni,Sausage,Tomato",,,,,,,,,
"Onions,Mushrooms,Green Pepper,Pepperoni,Sausage,Corn,Bacon",,,,,,,,,
"Bacon,Extra Cheese,Mushrooms,Pineapple",,,,,,,,,
"Green Pepper,Corn,Mushrooms",,,,,,,,,
"Onions,Sausage,Tomato,Extra Cheese",,,,,,,,,
"Green Pepper,Pepperoni,Extra Cheese,Sausage,Corn,Tomato",,,,,,,,,
"Green Pepper,Pineapple,Pepperoni,Mushrooms,Bacon,Sausage,Tomato",,,,,,,,,
"Corn,Bacon,Sausage",,,,,,,,,
"Green Pepper,Pepperoni,Extra Cheese,Onions",,,,,,,,,
"Onions,Pineapple,Extra Cheese",,,,,,,,,
"Pepperoni,Tomato",,,,,,,,,
"Mushrooms,Extra Cheese,Sausage",,,,,,,,,
"Pepperoni,Sausage",,,,,,,,,
"Pepperoni,Mushrooms,Tomato",,,,,,,,,
"Pineapple,Tomato,Sausage,Pepperoni,Green Pepper,Extra Cheese,Mushrooms,Bacon,Corn",,,,,,,,,
Extra Cheese,,,,,,,,,
Bacon,,,,,,,,,
"Tomato,Mushrooms,Pineapple,Corn,Pepperoni,Sausage,Extra Cheese",,,,,,,,,
Onions,,,,,,,,,
"Pepperoni,Mushrooms,Corn,Sausage,Pineapple,Extra Cheese,Bacon",,,,,,,,,
"Pepperoni,Extra Cheese,Sausage,Onions,Corn,Pineapple,Green Pepper,Mushrooms,Tomato,Extra Cheese",,,,,,,,,
"Sausage,Tomato,Onions,Pepperoni,Corn,Mushrooms",,,,,,,,,
Pineapple,,,,,,,,,
"Sausage,Tomato,Corn,Green Pepper,Extra Cheese,Pepperoni,Bacon",,,,,,,,,
"Green Pepper,Pepperoni,Sausage,Bacon",,,,,,,,,
"Corn,Sausage,Green Pepper,Extra Cheese,Tomato,Pineapple,Mushrooms,Onions,Bacon,Bacon",,,,,,,,,
"Extra Cheese,Tomato",,,,,,,,,
Extra Cheese,,,,,,,,,
"Tomato,Pepperoni,Sausage,Pineapple,Green Pepper",,,,,,,,,
"Onions,Green Pepper,Extra Cheese,Sausage,Bacon",,,,,,,,,
"Sausage,Onions,Extra Cheese,Bacon,Pineapple,Mushrooms,Green Pepper,Corn,Tomato",,,,,,,,,
"Extra Cheese,Green Pepper,Pineapple",,,,,,,,,
"Sausage,Pineapple,Tomato,Onions,Green Pepper,Bacon,Extra Cheese,Mushrooms,Pepperoni",,,,,,,,,
"Green Pepper,Mushrooms,Onions,Tomato,Pineapple,Sausage",,,,,,,,,
"Pepperoni,Mushrooms,Bacon",,,,,,,,,
Bacon,,,,,,,,,
"Onions,Sausage",,,,,,,,,
"Bacon,Onions,Sausage,Pineapple,Mushrooms",,,,,,,,,
"Tomato,Extra Cheese,Pepperoni,Pineapple",,,,,,,,,
"Extra Cheese,Onions,Pepperoni,Pineapple",,,,,,,,,
"Bacon,Green Pepper,Sausage,Pepperoni,Mushrooms,Corn,Tomato",,,,,,,,,
,,,,,,,,,
"Pepperoni,Green Pepper,Bacon,Extra Cheese,Pineapple,Mushrooms,Tomato,Corn,Onions,Corn",,,,,,,,,
"Mushrooms,Onions,Green Pepper,Bacon,Pineapple",,,,,,,,,
"Bacon,Green Pepper",,,,,,,,,
"Onions,Mushrooms,Bacon,Tomato,Corn",,,,,,,,,
Green Pepper,,,,,,,,,
"Pineapple,Mushrooms,Onions,Bacon,Extra Cheese,Sausage",,,,,,,,,
"Onions,Pepperoni,Extra Cheese,Sausage,Pineapple,Tomato,Mushrooms,Green Pepper,Bacon,Pepperoni",,,,,,,,,
"Corn,Onions,Tomato,Mushrooms,Extra Cheese,Green Pepper",,,,,,,,,
,,,,,,,,,
Extra Cheese,,,,,,,,,
"Corn,Pineapple,Extra Cheese,Sausage,Pepperoni,Tomato,Onions,Green Pepper,Bacon",,,,,,,,,
"Onions,Pepperoni,Mushrooms,Bacon,Pineapple,Corn,Extra Cheese,Green Pepper,Tomato,Corn",,,,,,,,,
"Bacon,Tomato",,,,,,,,,
"Green Pepper,Pepperoni,Bacon",,,,,,,,,
"Bacon,Onions,Green Pepper,Sausage,Mushrooms,Extra Cheese,Corn,Pineapple",,,,,,,,,
"Mushrooms,Onions,Corn,Pepperoni,Extra Cheese,Pineapple,Bacon,Green Pepper,Sausage,Corn",,,,,,,,,
Mushrooms,,,,,,,,,
"Bacon,Sausage,Pepperoni,Mushrooms,Tomato,Corn,Green Pepper,Extra Cheese,Pineapple",,,,,,,,,
"Pepperoni,Bacon,Pineapple,Extra Cheese,Green Pepper,Onions,Tomato",,,,,,,,,
"Bacon,Corn,Extra Cheese,Pepperoni,Green Pepper,Pineapple,Onions,Mushrooms,Sausage,Bacon",,,,,,,,,
,,,,,,,,,
,,,,,,,,,
"Green Pepper,Onions,Pepperoni,Mushrooms,Pineapple,Tomato,Corn",,,,,,,,,
"Extra Cheese,Mushrooms,Corn,Pepperoni,Tomato,Green Pepper",,,,,,,,,
"Pepperoni,Pineapple,Corn,Bacon,Mushrooms",,,,,,,,,
"Pineapple,Bacon,Green Pepper,Tomato,Sausage",,,,,,,,,
"Green Pepper,Onions,Pineapple,Pepperoni,Tomato",,,,,,,,,
"Mushrooms,Pineapple,Corn,Onions,Pepperoni,Extra Cheese,Bacon",,,,,,,,,
Sausage,,,,,,,,,
"Corn,Pineapple",,,,,,,,,
"Green Pepper,Mushrooms,Pepperoni,Corn,Tomato",,,,,,,,,
"Sausage,Onions,Extra Cheese,Pineapple,Tomato,Pepperoni,Mushrooms,Green Pepper",,,,,,,,,
"Extra Cheese,Onions,Green Pepper,Tomato",,,,,,,,,
Pineapple,,,,,,,,,
"Corn,Pepperoni,Green Pepper,Mushrooms,Extra Cheese",,,,,,,,,
"Bacon,Mushrooms,Pepperoni,Onions,Extra Cheese,Sausage,Tomato,Corn",,,,,,,,,
"Mushrooms,Sausage,Pepperoni,Corn,Pineapple,Green Pepper",,,,,,,,,
Tomato,,,,,,,,,
"Bacon,Pepperoni,Mushrooms,Sausage,Extra Cheese,Pineapple",,,,,,,,,
"Pineapple,Extra Cheese,Corn,Tomato,Bacon,Green Pepper,Onions,Pepperoni,Sausage,Pepperoni",,,,,,,,,
"Sausage,Bacon,Tomato,Green Pepper",,,,,,,,,
"Green Pepper,Extra Cheese,Mushrooms,Bacon,Pineapple",,,,,,,,,
"Tomato,Onions,Bacon,Pepperoni,Sausage,Pineapple,Green Pepper,Corn",,,,,,,,,
"Green Pepper,Mushrooms,Pineapple",,,,,,,,,
"Pineapple,Onions",,,,,,,,,
"Green Pepper,Pepperoni,Mushrooms,Sausage,Corn,Extra Cheese",,,,,,,,,
"Pepperoni,Sausage",,,,,,,,,
"Pineapple,Bacon,Green Pepper,Tomato,Corn,Onions,Extra Cheese,Mushrooms,Pepperoni",,,,,,,,,
"Pineapple,Pepperoni,Extra Cheese,Sausage",,,,,,,,,
Pineapple,,,,,,,,,
Pepperoni,,,,,,,,,
"Onions,Pineapple,Sausage,Extra Cheese,Mushrooms,Tomato",,,,,,,,,
"Sausage,Extra Cheese,Corn",,,,,,,,,
,,,,,,,,,
"Pineapple,Tomato,Mushrooms,Corn,Green Pepper,Pepperoni,Extra Cheese,Sausage,Bacon,Extra Cheese",,,,,,,,,
"Green Pepper,Onions,Sausage",,,,,,,,,
"Extra Cheese,Bacon,Tomato,Green Pepper",,,,,,,,,
Tomato,,,,,,,,,
,,,,,,,,,
"Bacon,Mushrooms",,,,,,,,,
"Bacon,Pineapple,Green Pepper",,,,,,,,,
"Sausage,Mushrooms,Onions,Corn,Pineapple,Green Pepper,Pepperoni",,,,,,,,,
"Onions,Green Pepper,Extra Cheese,Tomato,Pepperoni,Pineapple,Corn,Bacon",,,,,,,,,
"Mushrooms,Pineapple",,,,,,,,,
Bacon,,,,,,,,,
"Pineapple,Mushrooms,Extra Cheese,Bacon",,,,,,,,,
Tomato,,,,,,,,,
Pepperoni,,,,,,,,,
"Onions,Bacon,Corn,Green Pepper,Extra Cheese,Pineapple,Sausage",,,,,,,,,
"Pepperoni,Sausage,Pineapple,Mushrooms,Extra Cheese,Tomato",,,,,,,,,
"Sausage,Extra Cheese,Pineapple,Bacon,Green Pepper",,,,,,,,,
Extra Cheese,,,,,,,,,
,,,,,,,,,
"Sausage,Pepperoni",,,,,,,,,
,,,,,,,,,
,,,,,,,,,
"Corn,Onions",,,,,,,,,
"Pepperoni,Tomato,Green Pepper,Sausage,Pineapple,Corn",,,,,,,,,
"Green Pepper,Pineapple,Extra Cheese,Bacon,Tomato,Onions,Corn,Pepperoni,Mushrooms",,,,,,,,,
"Sausage,Extra Cheese",,,,,,,,,
Tomato,,,,,,,,,
"Extra Cheese,Pepperoni,Corn,Tomato,Sausage,Green Pepper,Bacon,Mushrooms,Onions,Onions",,,,,,,,,
"Extra Cheese,Onions,Sausage,Bacon,Corn,Tomato",,,,,,,,,
"Sausage,Mushrooms,Onions,Pepperoni,Corn",,,,,,,,,
"Pepperoni,Pineapple,Sausage,Bacon,Tomato,Onions",,,,,,,,,
"Green Pepper,Onions,Extra Cheese,Pepperoni,Corn,Mushrooms,Bacon,Pineapple,Tomato",,,,,,,,,
,,,,,,,,,
"Mushrooms,Tomato,Corn,Green Pepper,Bacon,Pepperoni,Pineapple,Onions,Extra Cheese",,,,,,,,,
"Bacon,Corn,Onions",,,,,,,,,
"Green Pepper,Corn,Pepperoni,Pineapple,Mushrooms,Onions",,,,,,,,,
"Pineapple,Bacon,Mushrooms",,,,,,,,,
"Extra Cheese,Green Pepper,Pineapple",,,,,,,,,
"Bacon,Tomato,Corn,Mushrooms,Pineapple,Sausage,Pepperoni,Extra Cheese",,,,,,,,,
"Sausage,Bacon,Extra Cheese,Mushrooms,Pineapple,Tomato,Corn,Onions",,,,,,,,,
"Extra Cheese,Pepperoni,Sausage,Pineapple,Green Pepper,Onions,Tomato,Corn,Mushrooms",,,,,,,,,
Bacon,,,,,,,,,
"Pepperoni,Tomato,Extra Cheese,Mushrooms,Green Pepper,Pineapple,Sausage",,,,,,,,,
"Tomato,Bacon,Extra Cheese,Pepperoni",,,,,,,,,
"Pineapple,Green Pepper,Sausage,Corn,Bacon,Tomato,Mushrooms,Onions,Pepperoni",,,,,,,,,
,,,,,,,,,
"Extra Cheese,Green Pepper,Onions,Pepperoni,Pineapple,Mushrooms,Sausage,Corn",,,,,,,,,
"Mushrooms,Extra Cheese,Bacon,Pepperoni,Tomato,Corn",,,,,,,,,
"Sausage,Extra Cheese",,,,,,,,,
,,,,,,,,,
"Sausage,Mushrooms,Pepperoni,Tomato,Bacon,Pineapple,Green Pepper,Onions,Extra Cheese,Pepperoni",,,,,,,,,
,,,,,,,,,
"Extra Cheese,Mushrooms,Onions",,,,,,,,,
"Pineapple,Extra Cheese,Corn",,,,,,,,,
"Mushrooms,Pepperoni,Corn,Tomato,Bacon,Sausage,Green Pepper",,,,,,,,,
"Bacon,Green Pepper,Corn,Extra Cheese,Onions,Pepperoni,Mushrooms,Sausage,Tomato,Onions",,,,,,,,,
,,,,,,,,,
"Tomato,Mushrooms,Onions,Pepperoni",,,,,,,,,
"Pepperoni,Green Pepper,Mushrooms,Corn,Bacon,Extra Cheese",,,,,,,,,
"Bacon,Mushrooms,Green Pepper,Tomato,Sausage,Pepperoni,Corn,Pineapple,Extra Cheese,Onions",,,,,,,,,
"Corn,Extra Cheese,Mushrooms,Green Pepper,Bacon,Pepperoni,Onions,Pineapple,Sausage",,,,,,,,,
"Sausage,Onions,Pepperoni,Pineapple",,,,,,,,,
"Onions,Pepperoni,Sausage,Bacon",,,,,,,,,
"Mushrooms,Sausage,Tomato,Corn,Pineapple,Onions,Pepperoni,Extra Cheese,Green Pepper,Mushrooms",,,,,,,,,
,,,,,,,,,
"Pepperoni,Onions,Mushrooms",,,,,,,,,
"Bacon,Extra Cheese,Mushrooms,Sausage,Pineapple,Onions,Green Pepper,Corn,Tomato",,,,,,,,,
,,,,,,,,,
Mushrooms,,,,,,,,,
"Corn,Green Pepper,Mushrooms,Tomato,Bacon",,,,,,,,,
"Pineapple,Onions,Pepperoni,Green Pepper,Mushrooms,Bacon,Sausage,Extra Cheese,Corn,Bacon",,,,,,,,,
Mushrooms,,,,,,,,,
"Onions,Tomato,Bacon,Pineapple,Pepperoni,Mushrooms,Extra Cheese",,,,,,,,,
"Corn,Pepperoni,Bacon,Onions,Pineapple,Extra Cheese,Green Pepper,Tomato,Mushrooms",,,,,,,,,
"Tomato,Pineapple,Pepperoni,Mushrooms",,,,,,,,,
,,,,,,,,,
"Mushrooms,Sausage,Corn,Bacon,Pineapple,Extra Cheese",,,,,,,,,
"Tomato,Pineapple,Green Pepper,Bacon",,,,,,,,,
Pepperoni,,,,,,,,,
"Pineapple,Pepperoni,Onions,Sausage,Mushrooms,Tomato,Green Pepper,Bacon,Extra Cheese,Green Pepper",,,,,,,,,
"Tomato,Green Pepper,Bacon,Onions,Pepperoni,Pineapple,Sausage",,,,,,,,,
"Bacon,Tomato",,,,,,,,,
"Corn,Pineapple",,,,,,,,,
"Pepperoni,Sausage,Corn,Onions,Green Pepper,Pineapple",,,,,,,,,
"Tomato,Corn,Onions,Extra Cheese,Green Pepper,Bacon,Pepperoni,Mushrooms",,,,,,,,,
"Pepperoni,Extra Cheese,Mushrooms,Pineapple,Sausage",,,,,,,,,
"Extra Cheese,Bacon,Mushrooms,Tomato,Pineapple,Corn,Sausage,Onions",,,,,,,,,
"Sausage,Extra Cheese,Pepperoni,Green Pepper,Bacon,Corn",,,,,,,,,
Green Pepper,,,,,,,,,
"Green Pepper,Onions,Corn,Extra Cheese,Sausage,Mushrooms,Pineapple,Tomato,Pepperoni,Extra Cheese",,,,,,,,,
,,,,,,,,,
"Extra Cheese,Sausage,Pineapple,Green Pepper,Bacon,Pepperoni",,,,,,,,,
"Pineapple,Corn",,,,,,,,,
,,,,,,,,,
"Extra Cheese,Green Pepper",,,,,,,,,
"Sausage,Mushrooms,Onions,Pineapple,Tomato",,,,,,,,,
"Tomato,Green Pepper",,,,,,,,,
"Extra Cheese,Corn,Sausage,Tomato,Green Pepper,Onions",,,,,,,,,
"Bacon,Pineapple,Extra Cheese,Mushrooms,Tomato,Corn,Green Pepper,Sausage",,,,,,,,,
Onions,,,,,,,,,
"Pepperoni,Mushrooms",,,,,,,,,
,,,,,,,,,
Pineapple,,,,,,,,,
"Bacon,Corn",,,,,,,,,
"Onions,Pepperoni,Tomato",,,,,,,,,
"Pineapple,Pepperoni,Sausage,Mushrooms,Corn,Onions,Bacon,Extra Cheese,Tomato,Green Pepper",,,,,,,,,
"Mushrooms,Pepperoni",,,,,,,,,
"Green Pepper,Pineapple,Extra Cheese,Bacon,Pepperoni,Corn,Onions,Sausage,Tomato,Onions",,,,,,,,,
"Mushrooms,Extra Cheese,Corn,Tomato,Green Pepper",,,,,,,,,
"Pepperoni,Bacon,Onions",,,,,,,,,
"Bacon,Pepperoni,Mushrooms",,,,,,,,,
"Pineapple,Onions,Pepperoni,Extra Cheese,Mushrooms,Corn,Sausage,Bacon",,,,,,,,,
"Bacon,Onions",,,,,,,,,
"Onions,Pepperoni,Extra Cheese,Corn,Green Pepper,Mushrooms,Tomato,Sausage",,,,,,,,,
"Bacon,Sausage,Extra Cheese,Pepperoni",,,,,,,,,
Bacon,,,,,,,,,
"Onions,Sausage,Green Pepper",,,,,,,,,
"Corn,Pineapple,Tomato,Sausage",,,,,,,,,
"Mushrooms,Green Pepper",,,,,,,,,
"Tomato,Pepperoni,Extra Cheese,Onions,Mushrooms,Sausage,Corn,Bacon",,,,,,,,,
"Bacon,Sausage,Pineapple",,,,,,,,,
"Sausage,Bacon,Green Pepper",,,,,,,,,
,,,,,,,,,
"Bacon,Sausage,Tomato,Green Pepper,Corn,Mushrooms,Extra Cheese,Onions",,,,,,,,,
"Bacon,Mushrooms,Green Pepper,Corn,Onions,Pineapple,Tomato,Pepperoni",,,,,,,,,
"Onions,Green Pepper",,,,,,,,,
"Mushrooms,Pepperoni,Corn,Tomato,Bacon",,,,,,,,,
"Green Pepper,Tomato,Bacon,Pineapple,Onions,Mushrooms,Pepperoni,Corn,Extra Cheese,Green Pepper",,,,,,,,,
"Tomato,Extra Cheese,Onions,Mushrooms,Green Pepper",,,,,,,,,
"Corn,Onions,Green Pepper,Pepperoni,Tomato,Sausage",,,,,,,,,
"Tomato,Extra Cheese",,,,,,,,,
"Mushrooms,Tomato,Onions,Extra Cheese,Sausage,Corn,Bacon,Pineapple,Pepperoni,Pepperoni",,,,,,,,,
"Pepperoni,Green Pepper,Pineapple,Tomato,Extra Cheese",,,,,,,,,
"Extra Cheese,Tomato,Corn,Pepperoni",,,,,,,,,
"Extra Cheese,Green Pepper,Pepperoni,Mushrooms,Sausage,Bacon",,,,,,,,,
"Sausage,Extra Cheese,Pineapple,Bacon,Pepperoni",,,,,,,,,
"Pineapple,Bacon,Corn,Sausage,Green Pepper,Extra Cheese,Mushrooms,Onions,Tomato,Sausage",,,,,,,,,
,,,,,,,,,
"Pineapple,Extra Cheese,Onions",,,,,,,,,
,,,,,,,,,
"Bacon,Corn",,,,,,,,,
"Bacon,Extra Cheese",,,,,,,,,
"Tomato,Pineapple",,,,,,,,,
,,,,,,,,,
"Extra Cheese,Pepperoni,Tomato,Sausage,Green Pepper,Bacon,Pineapple",,,,,,,,,
"Bacon,Mushrooms,Tomato,Green Pepper,Pepperoni",,,,,,,,,
"Sausage,Pineapple,Green Pepper,Tomato,Extra Cheese,Bacon",,,,,,,,,